<?xml version="1.0" encoding="UTF-8"?>
<project-private xmlns="http://www.netbeans.org/ns/project-private/1">
    <editor-bookmarks xmlns="http://www.netbeans.org/ns/editor-bookmarks/2" lastBookmarkId="0"/>
    <open-files xmlns="http://www.netbeans.org/ns/projectui-open-files/2">
        <group>
            <file>file:/D:/Sem2_msc_notes/rani_maam/Practical2/src/practical2/Area.java</file>
            <file>file:/D:/Sem2_msc_notes/rani_maam/Practical2/src/practical2/Peri_Square.java</file>
            <file>file:/D:/Sem2_msc_notes/rani_maam/Practical2/src/practical2/Perimeter_4.java</file>
            <file>file:/D:/Sem2_msc_notes/rani_maam/Practical2/src/practical2/Addition.java</file>
            <file>file:/D:/Sem2_msc_notes/rani_maam/Practical2/src/practical2/Peri_Square_3.java</file>
            <file>file:/D:/Sem2_msc_notes/rani_maam/Practical2/src/practical2/Peri_Square_2.java</file>
        </group>
    </open-files>
</project-private>
